<?xml version="1.0" encoding="utf-8"?>
<odoo>
    <data noupdate="1">

        <record id="cron_check_overdue" model="ir.cron">
            <field name="name">Restaurant Tasks: Check Overdue</field>
            <field name="model_id" ref="model_restaurant_task_list"/>
            <field name="state">code</field>
            <field name="code">model._cron_check_overdue_tasks()</field>
            <field name="interval_number">10</field>
            <field name="interval_type">minutes</field>
            <field name="numbercall">-1</field>
            <field name="active">True</field>
        </record>

        <record id="cron_warning_emails" model="ir.cron">
            <field name="name">Restaurant Tasks: Warning Emails</field>
            <field name="model_id" ref="model_restaurant_task_list"/>
            <field name="state">code</field>
            <field name="code">model._cron_send_warning_emails()</field>
            <field name="interval_number">15</field>
            <field name="interval_type">minutes</field>
            <field name="numbercall">-1</field>
            <field name="active">True</field>
        </record>

        <record id="cron_auto_generate" model="ir.cron">
            <field name="name">Restaurant Tasks: Auto-Generate from Planning</field>
            <field name="model_id" ref="model_restaurant_task_list"/>
            <field name="state">code</field>
            <field name="code">model._cron_auto_generate_from_slots()</field>
            <field name="interval_number">1</field>
            <field name="interval_type">hours</field>
            <field name="numbercall">-1</field>
            <field name="active">True</field>
        </record>

        <record id="cron_pre_deadline_reminders" model="ir.cron">
            <field name="name">Restaurant Tasks: Pre-Deadline Reminders</field>
            <field name="model_id" ref="model_restaurant_task_list"/>
            <field name="state">code</field>
            <field name="code">model._cron_pre_deadline_reminders()</field>
            <field name="interval_number">5</field>
            <field name="interval_type">minutes</field>
            <field name="numbercall">-1</field>
            <field name="active">True</field>
        </record>

        <record id="cron_shift_handoff" model="ir.cron">
            <field name="name">Restaurant Tasks: Shift Handoff</field>
            <field name="model_id" ref="model_restaurant_task_list"/>
            <field name="state">code</field>
            <field name="code">model._cron_shift_handoff()</field>
            <field name="interval_number">10</field>
            <field name="interval_type">minutes</field>
            <field name="numbercall">-1</field>
            <field name="active">True</field>
        </record>

        <record id="cron_escalation" model="ir.cron">
            <field name="name">Restaurant Tasks: Escalation Chain</field>
            <field name="model_id" ref="model_restaurant_task_list"/>
            <field name="state">code</field>
            <field name="code">model._cron_escalation()</field>
            <field name="interval_number">5</field>
            <field name="interval_type">minutes</field>
            <field name="numbercall">-1</field>
            <field name="active">True</field>
        </record>

    </data>
</odoo>
