id,name,model_id:id,group_id:id,perm_read,perm_write,perm_create,perm_unlink
access_counting_list,inventory.counting.list user,model_inventory_counting_list,stock.group_stock_user,1,0,0,0
access_counting_list_manager,inventory.counting.list manager,model_inventory_counting_list,stock.group_stock_manager,1,1,1,1
access_counting_list_line,inventory.counting.list.line user,model_inventory_counting_list_line,stock.group_stock_user,1,0,0,0
access_counting_list_line_manager,inventory.counting.list.line manager,model_inventory_counting_list_line,stock.group_stock_manager,1,1,1,1
access_counting_session,inventory.counting.session user,model_inventory_counting_session,stock.group_stock_user,1,1,1,0
access_counting_session_manager,inventory.counting.session manager,model_inventory_counting_session,stock.group_stock_manager,1,1,1,1
access_counting_session_entry,inventory.counting.session.entry user,model_inventory_counting_session_entry,stock.group_stock_user,1,1,1,0
access_counting_session_entry_manager,inventory.counting.session.entry manager,model_inventory_counting_session_entry,stock.group_stock_manager,1,1,1,1
