<?xml version="1.0" encoding="UTF-8"?>
<templates xml:space="preserve">

<!-- ============================================================
     Main App Shell
     ============================================================ -->
<t t-name="inventory_counting_lists.App">
    <div class="cl-app">

        <!-- Toast -->
        <t t-if="state.toast">
            <div t-attf-class="cl-toast #{state.toast.type}">
                <t t-esc="state.toast.message"/>
            </div>
        </t>

        <!-- HOME SCREEN -->
        <t t-if="state.screen === 'home'">
            <div class="cl-header">
                <div class="cl-header-title">
                    <i class="fa fa-clipboard-list"/> My Counting Lists
                </div>
                <button class="cl-refresh-btn" t-on-click="loadLists">
                    <i class="fa fa-refresh"/>
                </button>
            </div>

            <div class="cl-body">
                <t t-if="state.loading">
                    <div class="cl-loading"><div class="cl-spinner"/><span>Loading...</span></div>
                </t>
                <t t-elif="state.lists.length === 0">
                    <div class="cl-empty">
                        <i class="fa fa-inbox"/>
                        <p>No counting lists found</p>
                        <span>Ask your manager to set up counting lists</span>
                    </div>
                </t>
                <t t-else="">
                    <div class="cl-list-grid">
                        <t t-foreach="state.lists" t-as="lst" t-key="lst.id">
                            <div
                                class="cl-list-card"
                                t-att-style="'border-top: 4px solid ' + getDeptColor(lst.color)"
                                t-on-click="() => this.openList(lst)"
                            >
                                <div class="cl-list-dept">
                                    <i class="fa fa-users"/> <t t-esc="lst.department"/>
                                </div>
                                <div class="cl-list-name"><t t-esc="lst.name"/></div>
                                <div class="cl-list-meta">
                                    <span><i class="fa fa-cube"/> <t t-esc="lst.product_count"/> items</span>
                                    <t t-if="lst.location">
                                        <span><i class="fa fa-map-marker"/> <t t-esc="lst.location"/></span>
                                    </t>
                                    <span class="cl-schedule-badge">
                                        <i class="fa fa-clock-o"/>
                                        <t t-esc="getScheduleLabel(lst.schedule)"/>
                                    </span>
                                    <t t-if="lst.assigned">
                                        <span class="cl-assigned-badge">
                                            <i class="fa fa-user-check"/> Assigned to you
                                        </span>
                                    </t>
                                </div>

                                <!-- Today's progress if session exists -->
                                <t t-if="lst.today_session_id">
                                    <div class="cl-list-progress">
                                        <div class="cl-progress-bar">
                                            <div
                                                class="cl-progress-fill"
                                                t-att-style="'width:' + lst.today_progress + '%'"
                                            />
                                        </div>
                                        <div class="cl-progress-meta">
                                            <span t-attf-class="cl-session-state #{getStateClass(lst.today_session_state)}">
                                                <t t-esc="getStateLabel(lst.today_session_state)"/>
                                            </span>
                                            <span class="cl-progress-count">
                                                <t t-esc="lst.today_counted"/>/<t t-esc="lst.product_count"/>
                                            </span>
                                        </div>
                                    </div>
                                </t>
                                <t t-else="">
                                    <div class="cl-list-start">
                                        <span>Tap to start counting</span>
                                        <i class="fa fa-chevron-right"/>
                                    </div>
                                </t>
                            </div>
                        </t>
                    </div>
                </t>
            </div>
        </t>

        <!-- COUNTING SCREEN -->
        <t t-elif="state.screen === 'counting'">
            <div class="cl-header counting">
                <button class="cl-back-btn" t-on-click="goHome">
                    <i class="fa fa-arrow-left"/>
                </button>
                <div class="cl-header-title">
                    <div class="cl-header-list-name"><t t-esc="state.session.list_name"/></div>
                    <div class="cl-header-dept"><t t-esc="state.session.department"/></div>
                </div>
                <button
                    t-attf-class="cl-submit-btn #{state.session.counted === 0 ? 'disabled' : ''}"
                    t-on-click="submitSession"
                >
                    Submit
                </button>
            </div>

            <!-- Progress bar -->
            <div class="cl-counting-progress">
                <div class="cl-counting-progress-bar">
                    <div
                        class="cl-counting-progress-fill"
                        t-att-style="'width:' + state.session.progress + '%'"
                    />
                </div>
                <div class="cl-counting-progress-text">
                    <span><t t-esc="state.session.counted"/> of <t t-esc="state.session.total"/> counted</span>
                    <span><t t-esc="Math.round(state.session.progress)"/>%</span>
                </div>
            </div>

            <!-- Staff notes -->
            <t t-if="state.session.notes">
                <div class="cl-session-notes">
                    <i class="fa fa-info-circle"/> <t t-esc="state.session.notes"/>
                </div>
            </t>

            <!-- Product cards -->
            <div class="cl-counting-body">
                <t t-if="state.loading">
                    <div class="cl-loading"><div class="cl-spinner"/><span>Loading...</span></div>
                </t>
                <t t-else="">
                    <div class="cl-entries-list">
                        <t t-foreach="state.session.entries" t-as="entry" t-key="entry.id">
                            <t t-call="inventory_counting_lists.EntryCard"/>
                        </t>
                    </div>
                </t>
            </div>

            <!-- Numpad Drawer -->
            <t t-if="state.numpad.open">
                <t t-call="inventory_counting_lists.NumpadDrawer"/>
            </t>
        </t>

    </div>
</t>

<!-- ============================================================
     Entry Card
     ============================================================ -->
<t t-name="inventory_counting_lists.EntryCard">
    <div t-attf-class="cl-entry-card #{entry.inventory_quantity !== null ? 'counted' : ''}">
        <!-- Product info -->
        <div class="cl-entry-header">
            <div class="cl-entry-product">
                <t t-if="entry.product_category">
                    <span class="cl-entry-cat"><t t-esc="entry.product_category"/></span>
                </t>
                <div class="cl-entry-name"><t t-esc="entry.product_name"/></div>
                <div class="cl-entry-meta">
                    <t t-if="entry.product_default_code">
                        <span class="cl-entry-code">
                            <i class="fa fa-barcode"/> <t t-esc="entry.product_default_code"/>
                        </span>
                    </t>
                    <t t-if="entry.location_name">
                        <span class="cl-entry-loc">
                            <i class="fa fa-map-marker"/> <t t-esc="entry.location_name"/>
                        </span>
                    </t>
                </div>
                <t t-if="entry.notes">
                    <div class="cl-entry-note"><i class="fa fa-sticky-note-o"/> <t t-esc="entry.notes"/></div>
                </t>
            </div>
            <!-- Expected qty -->
            <div class="cl-entry-expected">
                <div class="cl-entry-exp-label">Expected</div>
                <div class="cl-entry-exp-val">
                    <t t-esc="formatQty(entry.expected_quantity)"/>
                    <span class="cl-entry-uom"> <t t-esc="entry.product_uom"/></span>
                </div>
            </div>
        </div>

        <!-- Tap to count -->
        <div
            t-attf-class="cl-tap-count #{entry.inventory_quantity !== null ? 'has-value' : ''}"
            t-on-click="() => this.openNumpad(entry)"
        >
            <t t-if="entry.inventory_quantity !== null">
                <span class="cl-tap-value">
                    <t t-esc="formatQty(entry.inventory_quantity)"/>
                    <span class="cl-tap-uom"> <t t-esc="entry.product_uom"/></span>
                </span>
                <t t-if="entry.diff_quantity !== 0">
                    <span t-attf-class="cl-tap-diff #{entry.diff_quantity > 0 ? 'pos' : 'neg'}">
                        <t t-esc="entry.diff_quantity > 0 ? '+' : ''"/>
                        <t t-esc="formatQty(entry.diff_quantity)"/>
                    </span>
                </t>
                <t t-else="">
                    <span class="cl-tap-match">✓ Match</span>
                </t>
            </t>
            <t t-else="">
                <span class="cl-tap-placeholder">Tap to count…</span>
                <i class="fa fa-keyboard-o cl-tap-icon"/>
            </t>
        </div>
    </div>
</t>

<!-- ============================================================
     Numpad Drawer
     ============================================================ -->
<t t-name="inventory_counting_lists.NumpadDrawer">
    <div class="cl-np-backdrop" t-on-click="closeNumpad"/>
    <div class="cl-np-drawer">
        <div class="cl-np-handle"><div class="cl-np-bar"/></div>

        <!-- Product header -->
        <div class="cl-np-product">
            <div class="cl-np-product-info">
                <t t-if="state.numpad.entry.product_category">
                    <div class="cl-np-cat"><t t-esc="state.numpad.entry.product_category"/></div>
                </t>
                <div class="cl-np-name"><t t-esc="state.numpad.entry.product_name"/></div>
                <div class="cl-np-loc">
                    <i class="fa fa-map-marker"/> <t t-esc="state.numpad.entry.location_name"/>
                </div>
            </div>
            <button class="cl-np-close" t-on-click="closeNumpad"><i class="fa fa-times"/></button>
        </div>

        <!-- Display -->
        <div class="cl-np-display">
            <div class="cl-np-display-main">
                <div class="cl-np-display-label">Counted qty</div>
                <div t-attf-class="cl-np-display-value #{!state.numpad.inputStr ? 'empty' : ''}">
                    <t t-if="state.numpad.inputStr">
                        <t t-esc="state.numpad.inputStr"/>
                        <span class="cl-np-uom"> <t t-esc="state.numpad.entry.product_uom"/></span>
                    </t>
                    <t t-else="">Enter count</t>
                    <span class="cl-np-cursor"/>
                </div>
            </div>
            <div class="cl-np-display-side">
                <div class="cl-np-expected">
                    <div class="cl-np-exp-label">Expected</div>
                    <div class="cl-np-exp-val">
                        <t t-esc="formatQty(state.numpad.entry.expected_quantity)"/>
                        <span> <t t-esc="state.numpad.entry.product_uom"/></span>
                    </div>
                </div>
                <div class="cl-np-diff">
                    <div class="cl-np-diff-label">Diff</div>
                    <div t-attf-class="cl-np-diff-val #{numpadDiffClass}">
                        <t t-esc="numpadDiffFormatted"/>
                    </div>
                </div>
            </div>
        </div>

        <!-- Quick sets -->
        <div class="cl-np-quicksets">
            <button class="cl-np-qs match" t-on-click="numpadSetMatch">
                ✓ Match (<t t-esc="formatQty(state.numpad.entry.expected_quantity)"/>)
            </button>
            <button class="cl-np-qs" t-on-click="() => this.numpadKey('0')">0.00</button>
            <button class="cl-np-qs clear" t-on-click="numpadClear">Clear</button>
        </div>

        <!-- Numpad grid -->
        <div class="cl-np-grid">
            <t t-foreach="['7','8','9','4','5','6','1','2','3']" t-as="k" t-key="k">
                <button class="cl-np-key" t-on-click="() => this.numpadKey(k)">
                    <t t-esc="k"/>
                </button>
            </t>
            <button class="cl-np-key dot" t-on-click="() => this.numpadKey('.')">·</button>
            <button class="cl-np-key" t-on-click="() => this.numpadKey('0')">0</button>
            <button class="cl-np-key del" t-on-click="numpadDelete">
                <i class="fa fa-long-arrow-left"/>
            </button>
        </div>

        <!-- Actions -->
        <div class="cl-np-actions">
            <button class="cl-np-skip" t-on-click="numpadSkip">
                <i class="fa fa-forward"/> Skip
            </button>
            <button
                t-attf-class="cl-np-confirm #{!state.numpad.inputStr ? 'disabled' : ''}"
                t-on-click="numpadConfirm"
            >
                <i class="fa fa-check"/> Confirm Count
            </button>
        </div>
    </div>
</t>

</templates>
