<?xml version="1.0" encoding="utf-8"?>
<odoo>
    <data noupdate="0">

        <record id="module_category_restaurant_tasks" model="ir.module.category">
            <field name="name">Restaurant Tasks</field>
            <field name="sequence">50</field>
        </record>

        <!-- Tier 1: Staff -->
        <record id="group_task_staff" model="res.groups">
            <field name="name">Staff</field>
            <field name="comment">View and complete own assigned tasks</field>
            <field name="category_id" ref="module_category_restaurant_tasks"/>
        </record>

        <!-- Tier 2: Manager -->
        <record id="group_task_manager" model="res.groups">
            <field name="name">Manager</field>
            <field name="comment">Manage tasks and templates for their location(s), access dashboard</field>
            <field name="category_id" ref="module_category_restaurant_tasks"/>
            <field name="implied_ids" eval="[(4, ref('group_task_staff'))]"/>
        </record>

        <!-- Tier 3: Owner / Admin -->
        <record id="group_task_admin" model="res.groups">
            <field name="name">Owner / Admin</field>
            <field name="comment">Full access across all locations, system configuration</field>
            <field name="category_id" ref="module_category_restaurant_tasks"/>
            <field name="implied_ids" eval="[(4, ref('group_task_manager'))]"/>
        </record>

    </data>
</odoo>
